anny;districte;barri;senseDones;primarisDones;secundarisDones;mitjansDones;superiorsDones;senseHomes;primarisHomes;secundarisHomes;mitjansHomes;superiorsHomes
2015;1;1. el Raval;880;5932;3732;3300;4563;443;9031;4966;3909;4455
2015;1;2. el Barri Gotic;268;1170;977;1515;2721;124;1567;1323;1713;2534
2015;1;3. la Barceloneta;553;1786;1444;1259;1839;244;1782;1726;1438;1560
2015;1;4. Sant Pere, Santa Caterina i la Ribera;470;2020;1464;2067;4002;190;2225;1807;2263;3480
2015;2;5. el Fort Pienc;571;2490;2690;3655;5462;290;1767;2341;3808;4637
2015;2;6. la Sagrada Familia;1125;4698;4728;5887;8576;539;2861;4103;6112;6992
2015;2;7. la Dreta de l'Eixample;615;2345;2716;5113;9882;279;1338;2106;4670;8727
2015;2;8. l'Antiga Esquerra de l'Eixample;647;2568;2898;5039;8817;313;1452;2352;4845;7884
2015;2;9. la Nova Esquerra de l'Eixample;953;4475;4704;6937;10664;444;2679;3922;7009;9341
2015;2;10. Sant Antoni;866;3598;3397;4159;6046;361;2557;3105;4570;5306
2015;3;11. el Poble Sec - AEI Parc Montjuic;1025;5002;3744;3604;4588;446;4893;4265;3985;3685
2015;3;12. la Marina del Prat Vermell - AEI Zona Franca;55;231;127;53;26;22;227;181;55;16
2015;3;13. la Marina de Port;951;4400;3318;2896;1932;514;3701;3561;3105;1424
2015;3;14. la Font de la Guatlla;272;1091;1030;1097;1411;134;824;979;1227;1107
2015;3;15. Hostafrancs;334;1781;1539;1615;2084;196;1489;1526;1730;1695
2015;3;16. la Bordeta;510;2192;1953;2062;1872;251;1620;1983;2225;1489
2015;3;17. Sants - Badal;693;3039;2486;2515;2690;351;2304;2410;2674;2124
2015;3;18. Sants;998;4154;3722;4396;5961;485;3207;3675;4676;4706
2015;4;19. les Corts;812;3226;3600;5748;8414;413;1984;2811;5448;7796
2015;4;20. la Maternitat i Sant Ramon;526;2014;1973;2804;3970;276;1238;1652;2825;3556
2015;4;21. Pedralbes;107;495;712;1544;2411;63;242;439;1224;2559
2015;5;22. Vallvidrera, el Tibidabo i les Planes;88;230;268;506;820;44;180;302;488;747
2015;5;23. Sarria;335;1136;1398;2840;5211;191;619;976;2416;4774
2015;5;24. les Tres Torres;151;588;842;2273;3524;133;252;529;1773;3464
2015;5;25. Sant Gervasi - la Bonanova;307;1031;1525;3445;5305;170;650;971;2773;5015
2015;5;26. Sant Gervasi - Galvany;509;1881;2738;6622;10352;319;956;1701;4796;9639
2015;5;27. el Putxet i el Farro;358;1234;1870;3838;6400;219;668;1390;3263;5506
2015;6;28. Vallcarca i els Penitents;305;1066;1232;1794;2832;146;695;1115;1794;2291
2015;6;29. el Coll;169;658;697;841;1018;90;495;661;843;798
2015;6;30. la Salut;236;960;1064;1573;2513;127;599;876;1576;1993
2015;6;31. la Vila de Gracia;977;3792;3593;5276;10989;425;2564;3286;5428;8137
2015;6;32. el Camp d'en Grassot i Gracia Nova;618;2579;2845;4008;6355;300;1531;2401;4123;5131
2015;7;33. el Baix Guinardo;698;2410;2489;3068;3642;319;1500;2264;3151;2953
2015;7;34. Can Baro;302;929;894;948;1059;137;780;923;1007;833
2015;7;35. el Guinardo;910;3443;3509;4283;4822;438;2383;3307;4473;3774
2015;7;36. la Font d'en Fargues;210;798;898;1055;1271;140;502;850;1192;1071
2015;7;37. el Carmel;1370;4374;3902;2863;1754;765;3771;4294;2777;1233
2015;7;38. la Teixonera;428;1463;1314;1107;809;233;1228;1480;1165;602
2015;7;39. Sant Genis dels Agudells;307;812;739;698;588;184;670;744;687;438
2015;7;40. Montbau;263;616;509;536;596;113;377;488;572;395
2015;7;41. la Vall d'Hebron;128;549;523;608;771;75;415;510;703;582
2015;7;42. la Clota;16;40;54;49;79;13;56;70;60;46
2015;7;43. Horta;914;3123;2619;2943;2833;474;2491;2643;3105;1968
2015;8;44. Vilapicina i la Torre Llobeta;867;3048;2830;2838;2623;406;2105;2744;2971;1856
2015;8;45. Porta;976;3376;2711;2520;1908;529;2563;2890;2631;1318
2015;8;46. el Turo de la Peira;765;2231;1800;1494;937;334;1746;1759;1522;657
2015;8;47. Can Peguera;104;395;287;177;79;44;325;311;171;57
2015;8;48. la Guineueta;582;1993;1729;1577;1215;292;1390;1747;1651;908
2015;8;49. Canyelles;261;1083;917;573;390;144;918;945;615;245
2015;8;50. les Roquetes;648;2453;1946;1215;565;333;2279;2175;1063;389
2015;8;51. Verdun;545;1876;1569;1112;630;286;1602;1565;976;389
2015;8;52. la Prosperitat;1272;3830;3150;2430;1366;707;3188;3416;2371;951
2015;8;53. la Trinitat Nova;407;1132;963;521;253;127;1088;1061;480;176
2015;8;54. Torre Baro;101;454;320;152;106;52;462;374;154;73
2015;8;55. Ciutat Meridiana;332;1767;1205;679;280;183;1726;1423;638;203
2015;8;56. Vallbona;67;208;164;71;47;28;209;183;75;37
2015;9;57. la Trinitat Vella;306;1478;1132;688;433;184;1759;1383;761;299
2015;9;58. Baro de Viver;107;403;332;127;61;47;382;365;152;54
2015;9;59. el Bon Pastor;383;1683;1395;985;711;221;1653;1637;1090;523
2015;9;60. Sant Andreu;1372;5973;6019;6290;6334;735;4412;5753;7098;4599
2015;9;61. la Sagrera;717;3294;3219;3320;3154;358;2358;3073;3553;2277
2015;9;62. el Congres i els Indians;471;1536;1462;1637;1654;202;1015;1446;1678;1133
2015;9;63. Navas;551;2467;2351;2605;2483;261;1565;2229;2793;2013
2015;10;64. el Camp de l'Arpa del Clot;895;3865;3849;4378;5056;428;2712;3670;4724;4157
2015;10;65. el Clot;660;2729;2789;2961;3153;341;2107;2752;3317;2539
2015;10;66. el Parc i la Llacuna del Poblenou;294;1336;1279;1582;2191;147;1043;1319;1726;1961
2015;10;67. la Vila Olimpica del Poblenou;122;319;517;871;2067;105;262;447;942;1943
2015;10;68. el Poblenou;817;2910;2809;3297;4631;374;2460;2979;3651;3924
2015;10;69. Diagonal Mar i el Front Maritim del Poblenou;259;895;886;1206;2267;153;683;954;1338;1970
2015;10;70. el Besos i el Maresme;986;3250;2651;1733;1058;508;3776;3025;1741;822
2015;10;71. Provencals del Poblenou;532;2140;2101;2099;2064;288;1789;2219;2332;1685
2015;10;72. Sant Marti de Provencals;928;3478;2869;2692;2189;452;2480;2937;2926;1662
2015;10;73. la Verneda i la Pau;1162;4185;3521;2674;1711;632;3336;3601;2925;1212
2014;1;1. el Raval;1706;5301;3874;3388;4514;1350;8529;5040;3962;4374
2014;1;2. el Barri Gotic;432;1059;1052;1578;2696;350;1510;1405;1833;2577
2014;1;3. la Barceloneta;884;1544;1507;1283;1717;530;1555;1796;1442;1470
2014;1;4. Sant Pere, Santa Caterina i la Ribera;790;1783;1555;2063;3974;551;1958;1908;2328;3438
2014;2;5. el Fort Pienc;786;2341;2767;3740;5272;451;1603;2427;3917;4531
2014;2;6. la Sagrada Familia;1445;4429;4930;5979;8337;798;2602;4338;6273;6761
2014;2;7. la Dreta de l Eixample;803;2215;2900;5214;9830;427;1137;2266;4752;8603
2014;2;8. l Antiga Esquerra de l Eixample;824;2452;3113;5139;8698;465;1304;2498;4885;7717
2014;2;9. la Nova Esquerra de l Eixample;1309;4210;4839;7085;10416;709;2374;4107;7149;9144
2014;2;10. Sant Antoni;1173;3414;3506;4212;5908;629;2293;3232;4612;5146
2014;3;11. el Poble Sec - AEI Parc Montjuic;1642;4537;3881;3624;4459;967;4545;4359;4043;3586
2014;3;12. la Marina del Prat Vermell - AEI Zona Franca;116;178;120;54;28;96;151;186;54;18
2014;3;13. la Marina de Port;1613;3717;3332;2901;1849;1078;3105;3614;3115;1372
2014;3;14. la Font de la Guatlla;386;1013;1038;1116;1362;213;766;987;1245;1070
2014;3;15. Hostafrancs;576;1605;1560;1668;1981;370;1365;1559;1767;1621
2014;3;16. la Bordeta;721;2027;2016;2057;1800;421;1476;2030;2240;1401
2014;3;17. Sants - Badal;1035;2716;2536;2554;2634;620;2075;2493;2702;2044
2014;3;18. Sants;1431;3840;3850;4441;5708;835;2935;3817;4797;4538
2014;4;19. les Corts;1078;3010;3803;5840;8135;606;1765;2980;5618;7604
2014;4;20. la Maternitat i Sant Ramon;734;1811;2050;2827;3827;422;1095;1732;2866;3402
2014;4;21. Pedralbes;150;454;757;1585;2341;115;163;479;1250;2517
2014;5;22. Vallvidrera, el Tibidabo i les Planes;109;205;298;502;798;75;149;315;496;716
2014;5;23. Sarria;421;989;1540;2835;5143;290;437;1093;2462;4715
2014;5;24. les Tres Torres;208;481;909;2280;3427;139;164;581;1743;3400
2014;5;25. Sant Gervasi - la Bonanova;381;936;1641;3459;5156;237;556;1089;2797;4874
2014;5;26. Sant Gervasi - Galvany;598;1703;2911;6727;10006;432;698;1841;4865;9424
2014;5;27. el Putxet i el Farro;437;1146;1967;3900;6267;268;522;1484;3284;5422
2014;6;28. Vallcarca i els Penitents;397;969;1281;1824;2781;224;594;1118;1833;2221
2014;6;29. el Coll;275;570;702;840;977;157;426;668;874;781
2014;6;30. la Salut;344;840;1149;1623;2430;247;468;921;1619;1922
2014;6;31. la Vila de Gracia;1302;3581;3761;5440;10689;672;2323;3432;5487;7929
2014;6;32. el Camp d en Grassot i Gracia Nova;825;2440;2988;4049;6188;460;1367;2516;4165;5021
2014;7;33. el Baix Guinardo;933;2259;2562;3096;3524;486;1352;2346;3155;2879
2014;7;34. Can Baro;463;785;920;940;1030;263;643;925;1002;765
2014;7;35. el Guinardo;1206;3156;3619;4272;4591;701;2038;3382;4488;3553
2014;7;36. la Font d en Fargues;289;713;948;1051;1232;185;431;884;1207;1060
2014;7;37. el Carmel;2423;3370;3949;2869;1661;1561;3020;4394;2787;1193
2014;7;38. la Teixonera;727;1177;1342;1122;778;464;1022;1506;1152;567
2014;7;39. Sant Genis dels Agudells;451;700;767;716;570;269;597;778;701;440
2014;7;40. Montbau;302;569;519;540;577;145;342;505;557;389
2014;7;41. la Vall d Hebron;194;479;518;578;719;121;375;516;681;537
2014;7;42. la Clota;27;33;61;44;71;18;49;63;48;37
2014;7;43. Horta;1406;2656;2701;2911;2737;875;2119;2727;3116;1905
2014;8;44. Vilapicina i la Torre Llobeta;1199;2693;2910;2839;2529;674;1849;2778;3006;1792
2014;8;45. Porta;1523;2892;2720;2490;1799;933;2229;2905;2621;1237
2014;8;46. el Turo de la Peira;1028;2055;1827;1471;898;559;1569;1768;1515;645
2014;8;47. Can Peguera;193;316;290;174;80;127;237;317;182;57
2014;8;48. la Guineueta;864;1743;1777;1549;1145;504;1194;1804;1666;856
2014;8;49. Canyelles;493;888;920;574;372;336;748;962;621;225
2014;8;50. les Roquetes;1309;1828;1982;1170;549;868;1791;2178;1080;384
2014;8;51. Verdun;970;1489;1597;1092;592;564;1352;1559;963;360
2014;8;52. la Prosperitat;2169;3020;3159;2394;1285;1301;2613;3470;2333;895
2014;8;53. la Trinitat Nova;654;954;980;532;222;351;907;1066;482;163
2014;8;54. Torre Baro;211;306;318;141;91;169;342;375;146;60
2014;8;55. Ciutat Meridiana;656;1471;1238;697;274;484;1472;1469;620;192
2014;8;56. Vallbona;107;171;154;75;54;64;170;183;82;38
2014;9;57. la Trinitat Vella;617;1156;1152;700;404;474;1481;1427;781;282
2014;9;58. Baro de Viver;210;333;327;133;60;109;310;371;160;58
2014;9;59. el Bon Pastor;703;1398;1429;992;681;470;1433;1688;1091;510
2014;9;60. Sant Andreu;2061;5337;6123;6307;6129;1245;3846;5907;7159;4417
2014;9;61. la Sagrera;1094;2953;3314;3323;2975;646;2108;3143;3584;2179
2014;9;62. el Congres i els Indians;595;1435;1487;1629;1577;294;937;1431;1695;1099
2014;9;63. Navas;779;2240;2427;2564;2369;414;1397;2266;2791;1928
2014;10;64. el Camp de l Arpa del Clot;1225;3576;3967;4394;4900;668;2452;3746;4801;3962
2014;10;65. el Clot;905;2462;2858;3006;3006;549;1884;2905;3358;2467
2014;10;66. el Parc i la Llacuna del Poblenou;445;1181;1335;1603;2161;270;916;1382;1757;1903
2014;10;67. la Vila Olimpica del Poblenou;145;265;578;880;2076;115;190;501;952;1962
2014;10;68. el Poblenou;1182;2623;2891;3312;4441;694;2180;3099;3686;3724
2014;10;69. Diagonal Mar i el Front Maritim del Poblenou;387;778;909;1205;2240;222;586;979;1341;1974
2014;10;70. el Besos i el Maresme;1610;2670;2671;1693;1012;1028;3376;3145;1736;788
2014;10;71. Provencals del Poblenou;853;1872;2153;2102;1988;545;1538;2255;2330;1614
2014;10;72. Sant Marti de Provencals;1398;3049;2912;2695;2086;737;2190;3007;2961;1589
2014;10;73. la Verneda i la Pau;1980;3425;3591;2720;1619;1203;2784;3735;2933;1168
2013;1;1. el Raval;1903;5566;3897;3486;4468;1519;8851;5077;4037;4328
2013;1;2. el Barri Gotic;484;1114;1090;1571;2634;413;1711;1467;1908;2475
2013;1;3. la Barceloneta;968;1615;1516;1280;1651;567;1668;1861;1463;1425
2013;1;4. Sant Pere, Santa Caterina i la Ribera;876;1848;1565;2092;3858;594;2021;1911;2363;3333
2013;2;5. el Fort Pienc;843;2415;2773;3801;5123;524;1621;2365;3956;4369
2013;2;6. la Sagrada Familia;1600;4604;4888;6051;8077;915;2745;4244;6354;6554
2013;2;7. la Dreta de l'Eixample;908;2321;2888;5387;9468;501;1173;2179;4825;8299
2013;2;8. l'Antiga Esquerra de l'Eixample;945;2563;3077;5216;8450;555;1386;2481;4909;7465
2013;2;9. la Nova Esquerra de l'Eixample;1493;4394;4816;7141;10068;857;2462;4016;7237;8824
2013;2;10. Sant Antoni;1295;3491;3456;4267;5707;678;2414;3201;4622;4909
2013;3;11. el Poble Sec - AEI Parc Montjuic;1799;4724;3862;3670;4333;1088;4729;4245;4087;3482
2013;3;12. la Marina del Prat Vermell - AEI Zona Franca;110;178;118;55;24;94;158;176;55;14
2013;3;13. la Marina de Port;1695;3732;3280;2822;1800;1131;3143;3530;3047;1329
2013;3;14. la Font de la Guatlla;407;1043;1006;1103;1314;236;777;980;1235;1002
2013;3;15. Hostafrancs;627;1632;1563;1662;1874;393;1443;1547;1799;1527
2013;3;16. la Bordeta;798;2047;2000;2042;1757;462;1512;1978;2267;1362
2013;3;17. Sants - Badal;1106;2765;2486;2573;2591;656;2182;2445;2722;2006
2013;3;18. Sants;1542;3988;3855;4458;5478;928;3130;3723;4814;4341
2013;4;19. les Corts;1200;3102;3724;5925;7884;713;1853;2931;5735;7387
2013;4;20. la Maternitat i Sant Ramon;785;1866;2023;2841;3687;452;1124;1704;2923;3308
2013;4;21. Pedralbes;182;481;752;1629;2268;149;184;463;1272;2487
2013;5;22. Vallvidrera, el Tibidabo i les Planes;129;219;267;502;760;78;155;292;499;665
2013;5;23. Sarria;505;1035;1502;2880;5010;332;468;1026;2522;4620
2013;5;24. les Tres Torres;238;514;880;2284;3294;171;179;538;1686;3320
2013;5;25. Sant Gervasi - la Bonanova;436;999;1569;3493;4997;304;573;1054;2792;4755
2013;5;26. Sant Gervasi - Galvany;686;1833;2884;6861;9702;533;728;1762;4950;9297
2013;5;27. el Putxet i el Farro;519;1226;1897;3888;6103;322;541;1431;3313;5287
2013;6;28. Vallcarca i els Penitents;456;992;1252;1838;2725;250;637;1092;1852;2165
2013;6;29. el Coll;295;563;681;816;954;170;426;656;867;741
2013;6;30. la Salut;378;852;1143;1613;2352;277;461;888;1672;1865
2013;6;31. la Vila de Gracia;1453;3723;3808;5499;10268;767;2455;3525;5620;7681
2013;6;32. el Camp d'en Grassot i Gracia Nova;938;2542;2963;4135;6006;569;1430;2502;4272;4885
2013;7;33. el Baix Guinardo;1021;2317;2552;3086;3441;555;1400;2328;3211;2781
2013;7;34. Can Baro;486;838;920;947;972;285;647;907;1012;743
2013;7;35. el Guinardo;1324;3261;3630;4350;4366;781;2122;3333;4512;3461
2013;7;36. la Font d'en Fargues;324;739;924;1056;1191;215;448;869;1230;1004
2013;7;37. el Carmel;2564;3420;3901;2829;1560;1663;3110;4385;2802;1135
2013;7;38. la Teixonera;779;1206;1315;1135;780;511;1080;1466;1184;557
2013;7;39. Sant Genis dels Agudells;489;712;738;703;561;278;625;784;701;447
2013;7;40. Montbau;355;594;493;522;567;169;355;496;562;382
2013;7;41. la Vall d'Hebron;221;508;501;589;744;143;382;502;676;547
2013;7;42. la Clota;30;37;58;34;57;23;58;54;46;30
2013;7;43. Horta;1529;2711;2638;2900;2637;942;2146;2713;3112;1860
2013;8;44. Vilapicina i la Torre Llobeta;1278;2761;2848;2844;2448;745;1920;2709;3016;1723
2013;8;45. Porta;1584;2915;2675;2460;1731;989;2302;2863;2645;1191
2013;8;46. el Turo de la Peira;1079;2064;1719;1467;871;584;1558;1723;1478;633
2013;8;47. Can Peguera;211;318;276;168;78;121;247;301;184;46
2013;8;48. la Guineueta;955;1803;1732;1537;1098;566;1220;1741;1700;813
2013;8;49. Canyelles;530;915;923;566;366;349;763;955;622;223
2013;8;50. les Roquetes;1378;1841;1984;1164;538;912;1862;2189;1093;364
2013;8;51. Verdun;1006;1536;1541;1077;574;597;1392;1582;957;364
2013;8;52. la Prosperitat;2275;3016;3095;2434;1246;1372;2685;3426;2357;857
2013;8;53. la Trinitat Nova;678;965;941;516;209;371;927;1071;490;151
2013;8;54. Torre Baro;200;261;258;101;62;166;290;308;107;44
2013;8;55. Ciutat Meridiana;677;1517;1205;701;249;510;1570;1451;638;180
2013;8;56. Vallbona;104;178;143;74;55;59;173;181;80;39
2013;9;57. la Trinitat Vella;661;1187;1132;711;408;512;1489;1402;799;279
2013;9;58. Baro de Viver;207;323;316;131;55;116;299;341;148;57
2013;9;59. el Bon Pastor;734;1428;1393;987;658;503;1481;1648;1083;505
2013;9;60. Sant Andreu;2264;5408;5904;6326;5924;1390;3954;5744;7244;4276
2013;9;61. la Sagrera;1163;3009;3285;3320;2820;679;2188;3130;3584;2099
2013;9;62. el Congres i els Indians;638;1464;1467;1611;1489;317;972;1423;1684;1092
2013;9;63. Navas;832;2271;2378;2548;2335;473;1390;2225;2770;1871
2013;10;64. el Camp de l'Arpa del Clot;1376;3658;3904;4393;4732;772;2500;3662;4810;3815
2013;10;65. el Clot;983;2504;2861;2973;2917;598;1957;2845;3378;2389
2013;10;66. el Parc i la Llacuna del Poblenou;503;1223;1292;1589;2080;306;919;1319;1732;1769
2013;10;67. la Vila Olimpica del Poblenou;202;290;492;913;2016;131;202;481;934;1907
2013;10;68. el Poblenou;1273;2707;2847;3277;4205;775;2273;3073;3702;3550
2013;10;69. Diagonal Mar i el Front Maritim del Poblenou;418;790;888;1182;2140;232;596;948;1328;1970
2013;10;70. el Besos i el Maresme;1764;2670;2588;1690;950;1136;3473;3085;1735;727
2013;10;71. Provencals del Poblenou;943;1915;2148;2086;1865;616;1618;2244;2300;1544
2013;10;72. Sant Marti de Provencals;1497;3091;2905;2686;1988;799;2230;2983;2955;1567
2013;10;73. la Verneda i la Pau;2087;3452;3548;2709;1591;1299;2844;3701;2955;1159
2012;1;1. el Raval;2002;5918;3685;3433;4407;1699;9328;4795;4013;4158
2012;1;2. el Barri Gotic;525;1296;1051;1547;2542;474;2067;1470;1908;2370
2012;1;3. la Barceloneta;1055;1862;1348;1228;1592;630;1922;1660;1430;1395
2012;1;4. Sant Pere, Santa Caterina i la Ribera;942;2005;1534;2089;3743;643;2289;1745;2347;3156
2012;2;5. el Fort Pienc;922;2683;2779;3779;4991;600;2032;2322;3981;4207
2012;2;6. la Sagrada Familia;1733;4959;4827;5992;7813;991;3160;4149;6301;6370
2012;2;7. la Dreta de l'Eixample;966;2610;2926;5443;9076;543;1383;2166;4883;7997
2012;2;8. l'Antiga Esquerra de l'Eixample;999;2824;3154;5228;8129;593;1656;2437;4884;7193
2012;2;9. la Nova Esquerra de l'Eixample;1612;4721;4895;7123;9573;921;2848;3929;7204;8452
2012;2;10. Sant Antoni;1383;3775;3436;4272;5423;745;2716;3096;4591;4683
2012;3;11. el Poble Sec - AEI Parc Montjuic;1946;5157;3697;3615;4081;1232;5302;4005;4006;3252
2012;3;12. la Marina del Prat Vermell - AEI Zona Franca;113;185;84;43;13;97;187;128;45;13
2012;3;13. la Marina de Port;1783;4150;2935;2764;1703;1192;3726;3123;2986;1279
2012;3;14. la Font de la Guatlla;430;1139;954;1085;1199;245;890;915;1215;978
2012;3;15. Hostafrancs;683;1828;1554;1615;1795;420;1670;1472;1728;1502
2012;3;16. la Bordeta;837;2235;1920;1994;1681;509;1738;1862;2207;1301
2012;3;17. Sants - Badal;1198;3060;2395;2525;2461;715;2508;2343;2658;1897
2012;3;18. Sants;1645;4383;3748;4420;5236;1041;3704;3573;4758;4167
2012;4;19. les Corts;1295;3373;3764;5987;7626;831;2294;2913;5703;7240
2012;4;20. la Maternitat i Sant Ramon;834;2014;2019;2872;3536;513;1261;1633;2897;3275
2012;4;21. Pedralbes;202;535;781;1649;2215;173;240;441;1275;2402
2012;5;22. Vallvidrera, el Tibidabo i les Planes;122;242;280;479;706;84;211;274;479;641
2012;5;23. Sarria;513;1138;1536;2862;4829;336;571;1041;2510;4439
2012;5;24. les Tres Torres;241;584;919;2284;3139;194;247;533;1650;3228
2012;5;25. Sant Gervasi - la Bonanova;427;1057;1602;3452;4840;290;501;977;2696;4591
2012;5;26. Sant Gervasi - Galvany;751;2036;3012;6814;9345;528;908;1778;4922;9057
2012;5;27. el Putxet i el Farro;516;1422;2012;3900;5965;361;1016;1537;3347;5174
2012;6;28. Vallcarca i els Penitents;468;1103;1283;1857;2601;250;722;1072;1892;2103
2012;6;29. el Coll;304;619;657;842;914;186;503;589;892;711
2012;6;30. la Salut;407;932;1136;1603;2233;288;575;886;1648;1812
2012;6;31. la Vila de Gracia;1560;4097;3811;5517;9921;848;3025;3408;5619;7448
2012;6;32. el Camp d'en Grassot i Gracia Nova;1004;2746;2990;4121;5796;587;1684;2499;4280;4718
2012;7;33. el Baix Guinardo;1106;2509;2522;3074;3315;608;1631;2203;3207;2623
2012;7;34. Can Baro;514;936;878;962;911;308;765;850;1020;710
2012;7;35. el Guinardo;1399;3518;3514;4305;4192;814;2402;3167;4511;3309
2012;7;36. la Font d'en Fargues;340;828;884;1040;1133;240;558;849;1192;962
2012;7;37. el Carmel;2723;3939;3558;2792;1528;1811;3705;3834;2792;1121
2012;7;38. la Teixonera;803;1276;1211;1090;730;529;1245;1314;1147;513
2012;7;39. Sant Genis dels Agudells;511;796;691;690;525;310;745;694;685;422
2012;7;40. Montbau;362;618;475;510;536;171;401;441;546;374
2012;7;41. la Vall d'Hebron;232;547;494;585;700;155;420;472;667;535
2012;7;42. la Clota;33;43;48;35;41;20;63;40;38;21
2012;7;43. Horta;1626;2994;2501;2861;2475;1040;2616;2505;3069;1795
2012;8;44. Vilapicina i la Torre Llobeta;1383;2978;2740;2812;2279;844;2165;2538;2973;1653
2012;8;45. Porta;1679;3166;2498;2406;1699;1112;2759;2627;2602;1168
2012;8;46. el Turo de la Peira;1122;2246;1598;1423;854;641;1741;1602;1477;608
2012;8;47. Can Peguera;224;349;230;172;72;135;305;219;183;44
2012;8;48. la Guineueta;1014;1954;1598;1499;1052;626;1436;1576;1688;784
2012;8;49. Canyelles;557;1067;802;540;347;392;940;784;601;222
2012;8;50. les Roquetes;1487;2131;1718;1127;507;1002;2255;1861;1084;347
2012;8;51. Verdun;1091;1734;1389;1049;523;671;1592;1367;966;360
2012;8;52. la Prosperitat;2395;3351;2795;2367;1182;1486;3138;3064;2313;824
2012;8;53. la Trinitat Nova;751;1123;810;514;194;424;1128;892;488;158
2012;8;54. Torre Baro;222;328;192;78;52;187;368;230;91;37
2012;8;55. Ciutat Meridiana;735;1699;1058;662;239;567;1896;1277;630;166
2012;8;56. Vallbona;113;210;105;80;47;64;215;131;78;36
2012;9;57. la Trinitat Vella;691;1323;987;689;414;542;1732;1267;803;268
2012;9;58. Baro de Viver;224;371;236;130;53;128;363;263;142;50
2012;9;59. el Bon Pastor;771;1642;1179;973;642;575;1903;1436;1075;490
2012;9;60. Sant Andreu;2396;5984;5559;6241;5600;1522;4562;5354;7135;4087
2012;9;61. la Sagrera;1250;3289;3208;3280;2701;773;2511;2935;3516;2037
2012;9;62. el Congres i els Indians;690;1609;1389;1622;1454;362;1098;1310;1701;1059
2012;9;63. Navas;887;2416;2261;2526;2225;513;1590;2121;2711;1807
2012;10;64. el Camp de l'Arpa del Clot;1499;3923;3847;4345;4509;837;2858;3502;4788;3712
2012;10;65. el Clot;1034;2716;2746;2958;2806;617;2218;2717;3339;2247
2012;10;66. el Parc i la Llacuna del Poblenou;517;1321;1271;1572;1931;321;1026;1202;1650;1641
2012;10;67. la Vila Olimpica del Poblenou;163;323;514;888;1965;107;245;483;917;1886
2012;10;68. el Poblenou;1309;2927;2746;3223;3968;791;2634;2862;3637;3357
2012;10;69. Diagonal Mar i el Front Maritim del Poblenou;433;863;823;1144;2027;243;673;869;1298;1865
2012;10;70. el Besos i el Maresme;1872;2911;2366;1681;924;1300;3975;2809;1729;760
2012;10;71. Provencals del Poblenou;1010;2084;2006;2022;1773;655;1847;2044;2251;1459
2012;10;72. Sant Marti de Provencals;1595;3379;2718;2634;1930;881;2576;2702;2880;1511
2012;10;73. la Verneda i la Pau;2215;3788;3233;2682;1514;1419;3289;3316;2887;1114
2011;1;1. el Raval;2268;5977;3574;3289;4117;1881;9131;456;3846;3907
2011;1;2. el Barri Gotic;645;14;1099;1532;2423;579;239;1493;193;234
2011;1;3. la Barceloneta;1186;1975;1326;1188;1491;754;1941;16;1371;1282
2011;1;4. Sant Pere, Santa Caterina i la Ribera;1091;2097;1533;2025;3461;760;2413;174;2232;2994
2011;2;5. el Fort Pienc;1173;2848;2863;3623;4694;872;2303;2428;3783;4108
2011;2;6. la Sagrada Familia;2184;5257;4927;5761;7422;1398;3348;4243;6;611
2011;2;7. la Dreta de l'Eixample;1274;2831;3111;519;8632;879;1534;2298;4579;7732
2011;2;8. l'Antiga Esquerra de l'Eixample;1293;3023;332;5034;7708;857;1766;2486;4696;6922
2011;2;9. la Nova Esquerra de l'Eixample;2088;4982;5119;6774;9117;1329;3031;4135;682;8106
2011;2;10. Sant Antoni;1681;3982;3532;4102;5157;998;2792;309;4381;4495
2011;3;11. el Poble Sec - Parc Montjuic;2266;534;3593;3419;378;1464;531;386;3777;3108
2011;3;12. la Marina del Prat Vermell - Zona Franca;128;194;81;43;13;100;191;126;38;11
2011;3;13. la Marina de Port;2069;4302;2889;2571;1603;1516;3935;2997;2811;1235
2011;3;14. la Font de la Guatlla;525;1215;975;1023;1132;332;905;923;1157;933
2011;3;15. Hostafrancs;828;1879;154;1524;1661;544;1685;1489;1648;1448
2011;3;16. la Bordeta;1018;2326;1942;1844;1542;686;1824;1861;2054;1213
2011;3;17. Sants - Badal;1404;3183;2443;2354;2267;943;2628;2281;2516;1805
2011;3;18. Sants;1986;4635;387;4122;4931;1362;4096;3634;4562;3921
2011;4;19. les Corts;173;3572;4038;5622;7292;1259;2622;3133;5335;7043
2011;4;20. la Maternitat i Sant Ramon;1058;2117;2089;2697;3394;738;1365;167;269;3244
2011;4;21. Pedralbes;292;592;833;1575;2105;272;284;492;1173;2338
2011;5;22. Vallvidrera, el Tibidabo i les Planes;167;270;299;446;668;123;218;277;441;613
2011;5;23. Sarria;732;1249;1639;2655;4653;534;637;1122;2293;4326
2011;5;24. les Tres Torres;405;630;102;2083;2941;342;303;606;1472;3108
2011;5;25. Sant Gervasi - la Bonanova;671;1188;1713;3224;4652;503;590;1065;2478;4504
2011;5;26. Sant Gervasi - Galvany;1181;2224;3237;6504;8942;944;1033;1919;4586;8834
2011;5;27. el Putxet i el Farro;782;1567;2116;3714;577;621;1327;1675;3129;5159
2011;6;28. Vallcarca i els Penitents;595;117;1338;1754;2456;354;754;1089;179;2059
2011;6;29. el Coll;364;658;672;805;869;242;520;650;827;721
2011;6;30. la Salut;505;1009;1198;1543;2153;377;602;941;1574;1764
2011;6;31. la Vila de Gracia;1899;4364;392;536;9441;1188;3345;3491;5534;7142
2011;6;32. el Camp d'en Grassot i Gracia Nova;1306;2918;3121;389;5517;862;1809;2599;4064;449
2011;7;33. el Baix Guinardo;1306;2658;261;2893;3224;800;1774;2281;3025;2559
2011;7;34. Can Baro;595;987;903;883;873;373;808;853;974;682
2011;7;35. el Guinardo;1658;3702;365;3997;4031;1073;2561;3174;4296;323
2011;7;36. la Font d'en Fargues;423;854;946;973;1091;326;585;863;1103;945
2011;7;37. el Carmel;303;408;351;2643;1441;2101;3809;3756;2678;1091
2011;7;38. la Teixonera;906;1339;1197;1029;684;643;1291;1288;1062;490
2011;7;39. Sant Genis dels Agudells;578;838;696;656;519;372;769;700;659;402
2011;7;40. Montbau;414;649;472;493;527;213;425;453;525;383
2011;7;41. la Vall d'Hebron;271;571;526;538;683;209;452;483;624;521
2011;7;42. la Clota;36;45;51;33;45;21;73;41;39;20
2011;7;43. Horta;1875;316;2564;2695;2384;1294;2931;26;2939;1726
2011;8;44. Vilapicina i la Torre Llobeta;1633;3079;2792;2601;2178;1058;2277;2571;2786;1571
2011;8;45. Porta;1864;3264;2511;2249;161;1303;2991;2682;2457;1134
2011;8;46. el Turo de la Peira;126;2303;1555;1294;794;775;1807;1578;1394;582
2011;8;47. Can Peguera;246;359;226;165;64;152;321;221;174;39
2011;8;48. la Guineueta;1156;2028;1637;1404;985;764;1514;1608;1634;760
2011;8;49. Canyelles;632;1071;818;509;311;461;968;808;554;215
2011;8;50. les Roquetes;1645;2176;1695;103;488;1151;234;1836;1015;327
2011;8;51. Verdun;1202;1798;1331;979;499;772;1635;1351;915;345
2011;8;52. la Prosperitat;2619;3401;2824;2142;115;1728;3239;3044;2202;816
2011;8;53. la Trinitat Nova;819;1157;795;475;200;470;1154;869;473;152
2011;8;54. Torre Baro;255;344;177;68;40;208;388;211;80;31
2011;8;55. Ciutat Meridiana;817;1715;1036;609;231;666;2027;1249;616;172
2011;8;56. Vallbona;134;223;113;67;40;87;238;121;78;30
2011;9;57. la Trinitat Vella;754;1346;987;643;374;604;1777;1214;762;262
2011;9;58. Baro de Viver;254;365;215;124;41;149;357;248;139;41
2011;9;59. el Bon Pastor;843;168;1195;968;639;681;2128;1476;109;487
2011;9;60. Sant Andreu;2899;6202;572;5821;5338;1992;4751;5402;6738;3857
2011;9;61. la Sagrera;1532;3457;32;3113;2568;1034;2604;2937;3361;199
2011;9;62. el Congres i els Indians;832;1673;1384;1526;137;484;1148;1327;1616;1017
2011;9;63. Navas;1086;2475;2321;2365;2091;693;1671;2128;2594;1741
2011;10;64. el Camp de l'Arpa del Clot;1809;4072;3878;4124;4272;1136;2979;3492;455;3538
2011;10;65. el Clot;1322;2802;2767;2749;2679;915;2291;2605;3191;2176
2011;10;66. el Parc i la Llacuna del Poblenou;617;1349;1306;1435;1766;430;1069;1242;1545;1475
2011;10;67. la Vila Olimpica del Poblenou;255;344;556;782;1892;225;256;465;852;1827
2011;10;68. el Poblenou;1572;3089;2737;2987;3681;1046;2742;2794;3428;3136
2011;10;69. Diagonal Mar i el Front Maritim del Poblenou;494;900;824;1088;1917;303;698;866;1218;1741
2011;10;70. el Besos i el Maresme;2071;3009;239;1585;887;1514;4218;2776;1677;730
2011;10;71. Provencals del Poblenou;1217;217;2035;1834;165;843;1952;1975;209;1369
2011;10;72. Sant Marti de Provencals;1852;3525;2715;249;178;1114;2688;2703;2763;1421
2011;10;73. la Verneda i la Pau;2516;3859;3217;248;1446;1666;3406;326;2733;1073
2010;1;1. el Raval;2441;6059;3471;3297;4109;1914;922;4362;39;386
2010;1;2. el Barri Gotic;760;1617;1115;1654;2512;663;2753;1602;2027;2409
2010;1;3. la Barceloneta;1289;2078;1308;1187;146;820;2079;1568;1445;1309
2010;1;4. Sant Pere, Santa Caterina i la Ribera;1231;2225;1473;2087;3321;851;2572;169;2286;2924
2010;2;5. el Fort Pienc;1451;2987;2675;3625;4515;105;2507;2314;384;4018
2010;2;6. la Sagrada Familia;2662;5546;4613;5661;7074;1753;3543;3884;5952;5883
2010;2;7. la Dreta de l'Eixample;1601;3016;2873;5213;8348;1155;1693;2002;4569;7529
2010;2;8. l'Antiga Esquerra de l'Eixample;1664;3286;3093;5039;7376;1064;1968;2283;4746;672
2010;2;9. la Nova Esquerra de l'Eixample;2669;5297;4737;6732;8716;1755;319;3771;6823;7941
2010;2;10. Sant Antoni;1947;4148;3323;4139;4893;1238;2869;2931;4371;4384
2010;3;11. el Poble Sec - Parc Montjuic;2471;5555;3466;3435;3611;1608;5521;3677;3786;2973
2010;3;12. la Marina del Prat Vermell - Zona Franca;136;193;71;39;10;103;197;117;37;10
2010;3;13. la Marina de Port;2327;443;2561;2418;1491;1688;3982;2681;2791;1158
2010;3;14. la Font de la Guatlla;591;1231;932;1007;1091;407;969;845;1135;917
2010;3;15. Hostafrancs;930;1944;145;1515;1578;647;1777;1396;1658;132
2010;3;16. la Bordeta;1186;2424;1786;1813;1426;857;193;1684;1989;1135
2010;3;17. Sants - Badal;1639;3304;226;2281;2126;1115;2684;2068;246;1757
2010;3;18. Sants;2323;4938;3728;4115;4711;166;4437;3518;4516;3809
2010;4;19. les Corts;2258;3813;3745;5492;6939;1706;2983;2883;5237;6899
2010;4;20. la Maternitat i Sant Ramon;1291;2196;1936;2697;3165;953;1465;1469;2687;3099
2010;4;21. Pedralbes;367;659;745;1579;2024;353;346;409;1133;2297
2010;5;22. Vallvidrera, el Tibidabo i les Planes;217;282;260;437;623;152;237;221;431;589
2010;5;23. Sarria;943;1329;145;2637;4391;732;730;907;2214;4193
2010;5;24. les Tres Torres;568;704;859;2002;29;467;380;442;1422;3039
2010;5;25. Sant Gervasi - la Bonanova;867;1291;1497;3147;449;719;679;800;2396;4368
2010;5;26. Sant Gervasi - Galvany;1588;2412;2902;6416;8587;1258;1211;154;4506;8712
2010;5;27. el Putxet i el Farro;1019;1729;1994;3704;5583;873;1589;1543;3144;5081
2010;6;28. Vallcarca i els Penitents;725;126;1243;1714;2336;475;839;1005;1775;1989
2010;6;29. el Coll;414;687;611;772;821;307;549;582;828;709
2010;6;30. la Salut;625;1046;1127;1553;2045;508;633;817;1559;1728
2010;6;31. la Vila de Gracia;2206;4665;3827;5608;9193;1451;3806;3499;5666;6959
2010;6;32. el Camp d'en Grassot i Gracia Nova;1633;3098;2874;3883;5246;1127;1932;2336;4017;4341
2010;7;33. el Baix Guinardo;1549;2792;2396;2888;3079;1011;1834;2077;2994;2523
2010;7;34. Can Baro;682;1024;843;877;831;431;821;787;952;648
2010;7;35. el Guinardo;1976;3789;3361;3952;3857;1317;2708;297;4246;3144
2010;7;36. la Font d'en Fargues;528;911;884;934;1033;424;631;786;1073;925
2010;7;37. el Carmel;3304;4181;3302;2535;1354;2305;3937;3532;2707;1021
2010;7;38. la Teixonera;961;1369;1147;1007;620;706;1323;1229;1064;483
2010;7;39. Sant Genis dels Agudells;609;884;649;636;517;388;816;646;670;407
2010;7;40. Montbau;452;682;438;489;488;243;431;408;528;376
2010;7;41. la Vall d'Hebron;327;574;480;523;671;257;460;435;626;516
2010;7;42. la Clota;39;44;48;20;41;21;75;37;40;25
2010;7;43. Horta;2114;3328;2347;2638;2289;1548;3168;245;2899;1666
2010;8;44. Vilapicina i la Torre Llobeta;1865;3151;258;2517;2081;1228;2359;2419;2754;1515
2010;8;45. Porta;2077;3257;231;2112;1488;1444;2603;2331;2289;1016
2010;8;46. el Turo de la Peira;1381;2496;1515;1322;797;902;254;1759;1514;615
2010;8;47. Can Peguera;264;373;206;146;64;168;328;203;168;39
2010;8;48. la Guineueta;1278;2083;1494;1341;949;848;1581;1485;1578;732
2010;8;49. Canyelles;726;1117;746;491;283;533;1012;744;540;203
2010;8;50. les Roquetes;1765;2232;155;1014;439;1222;2435;1745;992;311
2010;8;51. Verdun;1288;1852;1235;917;466;831;1658;1306;877;318
2010;8;52. la Prosperitat;2913;3437;262;2079;1064;1935;33;2888;2152;776
2010;8;53. la Trinitat Nova;899;1205;741;461;208;494;1179;854;463;151
2010;8;54. Torre Baro;272;344;168;57;38;223;377;190;74;26
2010;8;55. Ciutat Meridiana;873;1786;987;602;231;721;2084;1163;635;173
2010;8;56. Vallbona;133;224;100;64;40;83;238;113;71;29
2010;9;57. la Trinitat Vella;803;1379;946;659;333;650;1861;1164;756;253
2010;9;58. Baro de Viver;277;371;188;123;45;173;364;222;136;31
2010;9;59. el Bon Pastor;922;1762;1121;972;622;753;2292;1482;1137;513
2010;9;60. Sant Andreu;3511;6401;5311;5634;4855;2509;4953;4922;6563;3582
2010;9;61. la Sagrera;1838;3524;2966;2985;24;1285;267;2726;3327;1884
2010;9;62. el Congres i els Indians;954;1729;1267;1469;1289;557;1181;122;158;982
2010;9;63. Navas;1291;2527;213;2303;2007;844;1715;195;2523;1684
2010;10;64. el Camp de l'Arpa del Clot;2113;4199;3654;4101;4113;1385;3082;3303;4553;3425
2010;10;65. el Clot;1554;2954;2635;2695;2538;1122;2442;2444;3127;2105
2010;10;66. el Parc i la Llacuna del Poblenou;763;1399;1227;1365;1656;568;1121;1109;1507;1404
2010;10;67. la Vila Olimpica del Poblenou;339;376;450;758;1858;290;281;348;856;1803
2010;10;68. el Poblenou;1805;3214;2563;2917;3367;1242;2907;2595;3353;2891
2010;10;69. Diagonal Mar i el Front Maritim del Poblenou;525;907;765;1068;1699;336;711;813;115;1588
2010;10;70. el Besos i el Maresme;2266;3098;2241;1535;834;1692;4495;258;1684;708
2010;10;71. Provencals del Poblenou;1421;2258;1859;1752;1498;957;2012;1822;2028;1276
2010;10;72. Sant Marti de Provencals;2056;363;2514;2442;167;1315;2766;2515;274;1345
2010;10;73. la Verneda i la Pau;2882;3953;2909;2442;1358;1919;3495;3052;2675;1015
2009;1;1. el Raval;2536;6126;3496;3402;3952;2017;9594;4497;4003;3748
2009;1;2. el Barri Gotic;839;1978;1306;1885;2545;760;3392;1916;2347;2477
2009;1;3. la Barceloneta;139;2165;1294;1176;1322;873;2184;1575;1451;1192
2009;1;4. Sant Pere, Santa Caterina i la Ribera;1302;2375;1515;2082;3066;880;2729;1682;2308;2778
2009;2;5. el Fort Pienc;1528;3129;2726;3736;4372;108;2539;2386;395;3902
2009;2;6. la Sagrada Familia;2824;5722;4626;5836;6749;1865;3679;3882;613;5624
2009;2;7. la Dreta de l'Eixample;1681;319;2912;5358;8123;1162;1798;2036;4631;7338
2009;2;8. l'Antiga Esquerra de l'Eixample;1745;3488;313;5187;7061;1101;2061;2289;4828;6471
2009;2;9. la Nova Esquerra de l'Eixample;2819;5502;4758;6838;8295;185;3478;3714;7007;7691
2009;2;10. Sant Antoni;2093;4252;3324;4245;4689;1295;2976;2936;4532;4227
2009;3;11. el Poble Sec - Parc Montjuic;2621;5746;3391;3499;3323;1704;5734;3554;383;2791
2009;3;12. la Marina del Prat Vermell - Zona Franca;144;196;76;39;5;102;197;117;32;7
2009;3;13. la Marina de Port;2406;4491;2506;244;1368;1686;4108;2662;2844;1054
2009;3;14. la Font de la Guatlla;630;1272;924;1;104;430;1002;846;1143;869
2009;3;15. Hostafrancs;977;2021;1454;1521;1428;683;192;1403;1703;1272
2009;3;16. la Bordeta;1244;2501;1806;1847;1344;899;2027;1702;2027;1092
2009;3;17. Sants - Badal;1733;3401;2243;2296;1953;1182;2757;204;2473;1649
2009;3;18. Sants;2475;5202;3645;4135;4287;1722;4587;3464;4512;3575
2009;4;19. les Corts;2374;3941;3758;561;6624;1717;2976;2891;5475;6632
2009;4;20. la Maternitat i Sant Ramon;1376;2269;1959;2772;3002;993;155;1509;2728;2904
2009;4;21. Pedralbes;369;690;748;1627;1907;364;369;406;1152;2251
2009;5;22. Vallvidrera, el Tibidabo i les Planes;221;307;261;427;587;163;264;232;430;546
2009;5;23. Sarria;956;1396;1472;269;4165;728;756;895;2279;405
2009;5;24. les Tres Torres;582;752;867;2065;2818;466;398;452;1456;2985
2009;5;25. Sant Gervasi - la Bonanova;891;1394;1522;3232;4298;735;737;815;2452;4216
2009;5;26. Sant Gervasi - Galvany;1634;256;2929;6684;8319;1276;1301;1529;4673;857
2009;5;27. el Putxet i el Farro;1083;18;2041;3816;5338;895;1513;1548;3281;4884
2009;6;28. Vallcarca i els Penitents;765;1357;1221;1757;2286;491;879;1023;1831;1959
2009;6;29. el Coll;440;711;603;799;788;323;581;577;846;659
2009;6;30. la Salut;677;1099;1139;158;1976;513;687;806;1599;1632
2009;6;31. la Vila de Gracia;2346;4972;3913;5842;8615;1528;39;3519;5912;6572
2009;6;32. el Camp d'en Grassot i Gracia Nova;1686;3234;2878;4034;5008;1161;2035;236;4097;4155
2009;7;33. el Baix Guinardo;1632;285;2398;294;295;1059;1895;2078;3062;2444
2009;7;34. Can Baro;706;1049;840;905;789;462;849;802;985;629
2009;7;35. el Guinardo;2059;3885;3395;397;3673;1363;2814;2971;4324;3011
2009;7;36. la Font d'en Fargues;559;948;878;964;969;443;656;792;1096;874
2009;7;37. el Carmel;3452;4291;3252;2574;1273;238;4056;3506;2738;999
2009;7;38. la Teixonera;990;1382;1121;1031;588;727;1355;1217;1086;452
2009;7;39. Sant Genis dels Agudells;623;913;653;632;515;400;853;665;685;412
2009;7;40. Montbau;474;699;430;491;482;247;457;403;535;375
2009;7;41. la Vall d'Hebron;349;586;468;543;607;272;470;441;630;495
2009;7;42. la Clota;38;44;50;22;42;23;76;50;40;28
2009;7;43. Horta;2239;3409;2331;2671;2127;1604;3223;2433;2909;1578
2009;8;44. Vilapicina i la Torre Llobeta;1947;3262;257;2578;1959;1298;2451;2393;2785;1441
2009;8;45. Porta;2184;3301;2323;21;1403;1496;2712;2335;2342;964
2009;8;46. el Turo de la Peira;1422;2496;1495;1288;741;896;2457;172;148;586
2009;8;47. Can Peguera;270;367;197;142;60;172;329;194;165;36
2009;8;48. la Guineueta;1325;2128;1496;137;910;890;1633;1453;1593;712
2009;8;49. Canyelles;759;1123;737;495;268;551;1029;744;552;175
2009;8;50. les Roquetes;1819;225;1531;995;393;128;2505;1727;999;288
2009;8;51. Verdun;1355;1865;1198;903;429;874;1691;1277;900;291
2009;8;52. la Prosperitat;303;3492;2599;2077;996;1984;3384;2877;2166;723
2009;8;53. la Trinitat Nova;955;1254;742;465;211;533;1242;861;495;150
2009;8;54. Torre Baro;284;347;162;59;32;225;397;186;77;23
2009;8;55. Ciutat Meridiana;893;1838;1001;606;217;740;2165;1177;648;171
2009;8;56. Vallbona;135;221;99;70;37;84;231;112;69;27
2009;9;57. la Trinitat Vella;838;1345;910;680;312;654;1928;1184;772;265
2009;9;58. Baro de Viver;285;381;185;110;47;172;382;221;133;33
2009;9;59. el Bon Pastor;963;1795;1137;989;609;765;2252;1465;1153;497
2009;9;60. Sant Andreu;3727;6567;5248;5702;4465;2653;5156;484;6626;3334
2009;9;61. la Sagrera;1967;3599;2919;3006;2151;1333;2766;2683;3411;1763
2009;9;62. el Congres i els Indians;985;1786;1239;1487;1216;590;1221;1232;1634;952
2009;9;63. Navas;1379;2607;2128;2329;1906;903;1802;1912;257;1599
2009;10;64. el Camp de l'Arpa del Clot;226;4367;3658;4207;3887;1482;3258;3341;4677;3317
2009;10;65. el Clot;1659;3047;2583;2717;2397;1221;2498;2424;3169;1953
2009;10;66. el Parc i la Llacuna del Poblenou;833;1423;1194;1337;1476;585;1152;1073;1508;1302
2009;10;67. la Vila Olimpica del Poblenou;340;384;442;767;1777;267;297;356;862;176
2009;10;68. el Poblenou;1895;3305;2551;288;3039;1273;3019;2594;3307;2615
2009;10;69. Diagonal Mar i el Front Maritim del Poblenou;543;931;734;998;1495;344;751;755;1105;1426
2009;10;70. el Besos i el Maresme;2375;3143;2199;1532;772;1752;4522;2639;1734;705
2009;10;71. Provencals del Poblenou;1508;2345;1813;1754;1348;997;2068;1807;2039;1124
2009;10;72. Sant Marti de Provencals;2137;3743;2489;2424;1563;1393;2859;2488;2763;1295
2009;10;73. la Verneda i la Pau;2988;4033;2919;2478;1258;1997;3608;3026;2701;950